scenario,method,sample_count,mean_eval_ms,contact_ratio,force_y_rmse,force_y_max_abs,torque_z_rmse,torque_z_max_abs,active_area_rmse,pressure_center_x_rmse
centered_compression,distributed_sdf,8,55.94505,1,1161.771478303245,1754.925162830108,0.00196140182161178,0.001997647819865354,0.04999997615849816,1.842029160635876e-09
centered_compression,grid_penalty_5x5,8,0.000325,1,4.64031737282279e-12,7.275957614183426e-12,5.415574983106483e-16,1.304512053934559e-15,3.448352714485736e-13,1.187342636221e-17
centered_compression,single_point_penalty,8,0.0004375000000000001,1,8.713189461723105e-12,1.2732925824821e-11,5.415574983106483e-16,1.304512053934559e-15,3.448352714485736e-13,1.187342636221e-17
eccentric_compression,distributed_sdf,11,57.05271818181819,1,1360.854239641776,1816.47231336245,278.922209576682,454.5719062102305,0.02590801070503713,0.00910403760178909
eccentric_compression,grid_penalty_5x5,11,0.0004363636363636364,1,428.0238350704741,980.1183577786869,326.3643231449936,571.5319620397089,0.0765117526621609,0.02673308567348826
eccentric_compression,single_point_penalty,11,0.0001818181818181819,1,2150.050857860198,4780.049170093916,2523.00619383651,3514.076364918008,0.2217609341878017,0.2099506911041945
