scenario,method,sample_count,mean_eval_ms,contact_ratio,force_y_rmse,force_y_max_abs,torque_z_rmse,torque_z_max_abs,active_area_rmse,pressure_center_x_rmse
centered_compression,distributed_sdf,8,2.925575,1,2752.881935802535,4218.686981590999,137.0203484979469,206.7196772340065,0.1679669125053914,0.01486179160360279
centered_compression,grid_penalty_5x5,8,0.000325,1,4.64031737282279e-12,7.275957614183426e-12,5.415574983106483e-16,1.304512053934559e-15,3.448352714485736e-13,1.187342636221e-17
centered_compression,single_point_penalty,8,0.0001,1,8.713189461723105e-12,1.2732925824821e-11,5.415574983106483e-16,1.304512053934559e-15,3.448352714485736e-13,1.187342636221e-17
eccentric_compression,distributed_sdf,11,2.674045454545455,1,5936.371857734853,9694.128560884397,1566.446946757866,2446.664446951639,0.2170556904555545,0.1097946515649714
eccentric_compression,grid_penalty_5x5,11,0.0003545454545454546,1,428.0238350704741,980.1183577786869,326.3643231449936,571.5319620397089,0.0765117526621609,0.02673308567348826
eccentric_compression,single_point_penalty,11,7.272727272727274e-05,1,2150.050857860198,4780.049170093916,2523.00619383651,3514.076364918008,0.2217609341878017,0.2099506911041945
