scenario,method,sample_count,mean_eval_ms,contact_ratio,force_y_rmse,force_y_max_abs,torque_z_rmse,torque_z_max_abs,active_area_rmse,pressure_center_x_rmse
centered_compression,distributed_sdf,8,63.7328375,1,21.23497565311498,32.03306925879224,0.00217715602296599,0.002217389080409468,0.04999997615849816,1.842029148438762e-09
centered_compression,grid_penalty_5x5,8,0.0003125,1,4.64031737282279e-12,7.275957614183426e-12,5.415574983106483e-16,1.304512053934559e-15,3.448352714485736e-13,1.187342636221e-17
centered_compression,single_point_penalty,8,0.000425,1,8.713189461723105e-12,1.2732925824821e-11,5.415574983106483e-16,1.304512053934559e-15,3.448352714485736e-13,1.187342636221e-17
eccentric_compression,distributed_sdf,11,52.98233636363636,1,259.5174676888222,504.7082928533473,103.8475091810831,231.9155967309803,0.02590801070503713,0.009104037601788201
eccentric_compression,grid_penalty_5x5,11,0.0004454545454545454,1,428.0238350704741,980.1183577786869,326.3643231449936,571.5319620397089,0.0765117526621609,0.02673308567348826
eccentric_compression,single_point_penalty,11,0.0001818181818181818,1,2150.050857860198,4780.049170093916,2523.00619383651,3514.076364918008,0.2217609341878017,0.2099506911041945
