scenario,method,sample_count,mean_eval_ms,contact_ratio,force_y_rmse,force_y_max_abs,torque_z_rmse,torque_z_max_abs,active_area_rmse,pressure_center_x_rmse
centered_compression,distributed_sdf,8,56.05992499999999,1,2700567.327806338,4079268.70929262,241123.4277291048,247685.4536466048,49999.99886465092,0.08390901526527945
centered_compression,grid_penalty_5x5,8,0.00035,1,4.64031737282279e-12,7.275957614183426e-12,5.415574983106483e-16,1.304512053934559e-15,3.448352714485736e-13,1.187342636221e-17
centered_compression,single_point_penalty,8,0.0006624999999999998,1,8.713189461723105e-12,1.2732925824821e-11,5.415574983106483e-16,1.304512053934559e-15,3.448352714485736e-13,1.187342636221e-17
eccentric_compression,distributed_sdf,11,55.02841818181819,1,2798784.630733651,3073578.344028289,443938.2925376261,628732.2042615857,34037.38494764352,0.03220578930342033
eccentric_compression,grid_penalty_5x5,11,0.0004181818181818182,1,428.0238350704741,980.1183577786869,326.3643231449936,571.5319620397089,0.0765117526621609,0.02673308567348826
eccentric_compression,single_point_penalty,11,0.0001454545454545455,1,2150.050857860198,4780.049170093916,2523.00619383651,3514.076364918008,0.2217609341878017,0.2099506911041945
