scenario,method,sample_count,mean_eval_ms,contact_ratio,force_y_rmse,force_y_max_abs,torque_z_rmse,torque_z_max_abs,active_area_rmse,pressure_center_x_rmse
centered_compression,distributed_sdf,8,70.86485,1,1893.223770516954,3473.998819737171,56.72353995656776,95.17777851863656,0.1313719206789791,0.00690320734279037
centered_compression,grid_penalty_5x5,8,0.0004000000000000001,1,4.64031737282279e-12,7.275957614183426e-12,5.415574983106483e-16,1.304512053934559e-15,3.448352714485736e-13,1.187342636221e-17
centered_compression,single_point_penalty,8,0.000175,1,8.713189461723105e-12,1.2732925824821e-11,5.415574983106483e-16,1.304512053934559e-15,3.448352714485736e-13,1.187342636221e-17
eccentric_compression,distributed_sdf,11,68.55371818181818,1,6981.405021235611,11019.55842857437,1848.705651216421,2682.253615547148,0.2675603376220035,0.1558612680909374
eccentric_compression,grid_penalty_5x5,11,0.0004636363636363637,1,428.0238350704741,980.1183577786869,326.3643231449936,571.5319620397089,0.0765117526621609,0.02673308567348826
eccentric_compression,single_point_penalty,11,0.0002,1,2150.050857860198,4780.049170093916,2523.00619383651,3514.076364918008,0.2217609341878017,0.2099506911041945
