scenario,method,sample_count,mean_eval_ms,contact_ratio,force_y_rmse,force_y_max_abs,torque_z_rmse,torque_z_max_abs,active_area_rmse,pressure_center_x_rmse
centered_compression,distributed_sdf,8,69.4848125,1,22353.93185218212,27736.87917854894,113.4469362820099,231.498664459702,2.250422822684742,0.001992346954896335
centered_compression,grid_penalty_5x5,8,0.000575,1,4.64031737282279e-12,7.275957614183426e-12,5.415574983106483e-16,1.304512053934559e-15,3.448352714485736e-13,1.187342636221e-17
centered_compression,single_point_penalty,8,0.0002,1,8.713189461723105e-12,1.2732925824821e-11,5.415574983106483e-16,1.304512053934559e-15,3.448352714485736e-13,1.187342636221e-17
eccentric_compression,distributed_sdf,11,68.64479999999999,1,14558.43424977501,27736.87917854894,1795.546353393295,2641.141979943089,1.470562095397901,0.1689511222980478
eccentric_compression,grid_penalty_5x5,11,0.0006545454545454545,1,428.0238350704741,980.1183577786869,326.3643231449936,571.5319620397089,0.0765117526621609,0.02673308567348826
eccentric_compression,single_point_penalty,11,0.0002,1,2150.050857860198,4780.049170093916,2523.00619383651,3514.076364918008,0.2217609341878017,0.2099506911041945
