scenario,method,sample_count,mean_eval_ms,contact_ratio,force_y_rmse,force_y_max_abs,torque_z_rmse,torque_z_max_abs,active_area_rmse,pressure_center_x_rmse
centered_compression,distributed_sdf,8,10.8809625,1,0.09707823700277207,0.1068115234375,2.574980513419772e-13,5.128952818012067e-13,3.345101973195597e-13,3.538509176942563e-17
centered_compression,grid_penalty_5x5,8,0.0003,1,4.64031737282279e-12,7.275957614183426e-12,5.415574983106483e-16,1.304512053934559e-15,3.448352714485736e-13,1.187342636221e-17
centered_compression,single_point_penalty,8,0.00015,1,8.713189461723105e-12,1.2732925824821e-11,5.415574983106483e-16,1.304512053934559e-15,3.448352714485736e-13,1.187342636221e-17
eccentric_compression,distributed_sdf,11,10.81534545454545,1,454.9557785904767,817.6865951922482,196.1009211987473,379.4067449416802,0.01690758638219059,0.00950945436457395
eccentric_compression,grid_penalty_5x5,11,0.0003727272727272728,1,428.0238350704741,980.1183577786869,326.3643231449936,571.5319620397089,0.0765117526621609,0.02673308567348826
eccentric_compression,single_point_penalty,11,0.0001090909090909091,1,2150.050857860198,4780.049170093916,2523.00619383651,3514.076364918008,0.2217609341878017,0.2099506911041945
