scenario,method,sample_count,mean_eval_ms,contact_ratio,force_y_rmse,force_y_max_abs,torque_z_rmse,torque_z_max_abs,active_area_rmse,area_occ_rmse,area_band_rmse,area_sheet_rmse,pressure_center_x_rmse
centered_compression,distributed_sdf,8,256.1275375,1,1898.993465439828,3604.672967744664,1.320983893545471e-05,2.718563607675972e-05,0.1551136903070123,0.5044923190695659,0.1551136903070123,0.1551136903070142,8.338749945932821e-10
centered_compression,grid_penalty_5x5,8,0.000375,1,4.64031737282279e-12,7.275957614183426e-12,5.415574983106483e-16,1.304512053934559e-15,3.448352714485736e-13,3.448352714485736e-13,3.448352714485736e-13,3.448352714485736e-13,1.187342636221e-17
centered_compression,single_point_penalty,8,0.000625,1,8.713189461723105e-12,1.2732925824821e-11,5.415574983106483e-16,1.304512053934559e-15,3.448352714485736e-13,3.448352714485736e-13,3.448352714485736e-13,3.448352714485736e-13,1.187342636221e-17
eccentric_compression,distributed_sdf,11,264.8089818181818,1,973.4216857296149,2273.282639048895,231.3163428566331,348.5037683092291,0.06757241741053131,0.3236366728645396,0.06757241741053131,0.0675724174105316,0.01478513288583135
eccentric_compression,grid_penalty_5x5,11,0.0004,1,428.0238350704741,980.1183577786869,326.3643231449936,571.5319620397089,0.0765117526621609,0.0765117526621609,0.0765117526621609,0.0765117526621609,0.02673308567348826
eccentric_compression,single_point_penalty,11,0.0002818181818181818,1,2150.050857860198,4780.049170093916,2523.00619383651,3514.076364918008,0.2217609341878017,0.2217609341878017,0.2217609341878017,0.2217609341878017,0.2099506911041945
