sample_index,penetration,area_occ,area_band,area_sheet,active_samples
0,0.01,1,0.9987349321819796,1.031658589857807,1600
1,0.015,1,0.9250047916899451,1.032947035251174,1600
2,0.02,1,0.8489851895115283,1.053596106132995,1600
3,0.025,1,0.8037832636249523,1.053590293264944,1600
4,0.03,1,0.8489806342899527,1.053596000220062,1600
5,0.035,1.19,1.000285343382636,1.054226425031675,1904
6,0.04,2,1.145330177021823,1.145330177021799,3200
7,0.04500000000000001,2,1.285695471586923,1.285695471586945,3200
