sample_index,penetration,area_occ,area_band,area_sheet,area_corrected,active_samples
0,0.01,1,0.9987349321819796,0.9751799808645725,0.9751799808645725,1600
1,0.015,1,0.9250047916899451,0.9764890715905788,0.9764890715905787,1600
2,0.02,1,0.8489851895115283,0.9906181201830302,0.9906181201830303,1600
3,0.025,1,0.8037832636249523,0.9920617649977349,0.9920617649977349,1600
4,0.03,1,0.8489806342899527,0.9906181539832074,0.9906181539832073,1600
5,0.035,1.19,1.000285343382636,1.01633074468525,1.01633074468525,1904
6,0.04,2,1.145330177021823,1.003701029569238,1.003701029569238,3200
7,0.04500000000000001,2,1.285695471586923,1.00485885817683,1.00485885817683,3200
