scenario,mode,sample_count,mean_eval_ms,area_sheet_rmse,sheet_center_x_rmse,bbox_xmin_rmse,bbox_xmax_rmse,bbox_zmin_rmse,bbox_zmax_rmse,patch_count_rmse,mean_area_ratio,mean_support_seed_count,mean_normal_spread,mean_fiber_count,fallback_ratio
cylinder_strip_centered,legacy_dominant_axis,8,0.9541499999999999,0.0329524053219197,1.417291576039405e-07,0.02662564947653668,0.026625649474,0.005636151450911049,0.005636151453809386,7.937253933193772,1.142688519009278,1.34052651828159,0.09167558986168649,633.5,0
cylinder_strip_centered,supplement5_v2_auto,8,0.7132375,0.05686469401983414,1.434884000421348e-07,0.0190260125011602,0.01902601615682576,0.01650859783250869,0.01650860277910629,0,0.9999999999999999,29.99701231765605,0.09027530813702289,32.75,0
cylinder_strip_centered,supplement5_v2_raw,8,0.7690625,0.05686469401983414,1.434884000421348e-07,0.0190260125011602,0.01902601615682576,0.01650859783250869,0.01650860277910629,0,0.9999999999999999,29.99701231765605,0.09027530813702289,32.75,0
