scenario,mode,sample_count,mean_eval_ms,area_sheet_rmse,sheet_center_x_rmse,bbox_xmin_rmse,bbox_xmax_rmse,bbox_zmin_rmse,bbox_zmax_rmse,patch_count_rmse,mean_area_ratio,mean_support_seed_count,mean_normal_spread,mean_fiber_count,fallback_ratio
cylinder_strip_centered,legacy_dominant_axis,8,1.1842125,0.0329524053219197,1.417291576039405e-07,0.02662564947653668,0.026625649474,0.005636151450911049,0.005636151453809386,7.937253933193772,1.142688519009278,1.34052651828159,0.09167558986168649,633.5,0
cylinder_strip_centered,supplement5_v2_auto,8,0.8534999999999999,0.02633203709053627,1.434884000421348e-07,0.007633129664237145,0.007633123582003258,0.01879684129969487,0.01879684828264118,0,1.216157236582908,29.99701231765605,0.09027530813702289,32.75,0
cylinder_strip_centered,supplement5_v2_raw,8,0.8802249999999999,0.02633203709053627,1.434884000421348e-07,0.007633129664237145,0.007633123582003258,0.01879684129969487,0.01879684828264118,0,1.216157236582908,29.99701231765605,0.09027530813702289,32.75,0
