scenario,mode,sample_count,mean_eval_ms,area_sheet_rmse,sheet_center_x_rmse,bbox_xmin_rmse,bbox_xmax_rmse,bbox_zmin_rmse,bbox_zmax_rmse,patch_count_rmse,mean_area_ratio,mean_support_seed_count,mean_normal_spread,mean_fiber_count,fallback_ratio
cylinder_strip_centered,legacy_dominant_axis,8,1.2064375,0.0329524053219197,1.417291576039405e-07,0.02662564947653668,0.026625649474,0.005636151450911049,0.005636151453809386,7.937253933193772,1.142688519009278,1.34052651828159,0.09167558986168649,633.5,0
cylinder_strip_centered,supplement5_v2_auto,8,0.785575,0.02908807481072077,1.434884000421348e-07,0.007955341623106262,0.007955334486411331,0.02115051402318882,0.02115052105709213,0,1.224360706362134,29.99701231765605,0.09027530813702289,32.75,0
cylinder_strip_centered,supplement5_v2_raw,8,0.9109125,0.02908807481072077,1.434884000421348e-07,0.007955341623106262,0.007955334486411331,0.02115051402318882,0.02115052105709213,0,1.224360706362134,29.99701231765605,0.09027530813702289,32.75,0
