scenario,mode,sample_count,mean_eval_ms,area_sheet_rmse,sheet_center_x_rmse,bbox_xmin_rmse,bbox_xmax_rmse,bbox_zmin_rmse,bbox_zmax_rmse,patch_count_rmse
cylinder_strip_centered,dominant_axis,8,0.8624624999999999,0.03100716940054069,1.417291576049585e-07,0.02662564947653668,0.026625649474,0.005636151450911049,0.005636151453809383,0
cylinder_strip_centered,local_fiber,8,0.83995,0.06497284036558687,1.417291576316763e-07,0.02662564947653668,0.026625649474,0.005636151450911049,0.005636151453809383,5.623610939600996
