scenario,mode,sample_count,mean_eval_ms,area_sheet_rmse,sheet_center_x_rmse,bbox_xmin_rmse,bbox_xmax_rmse,bbox_zmin_rmse,bbox_zmax_rmse,patch_count_rmse,mean_area_ratio,mean_support_seed_count,mean_normal_spread,mean_fiber_count,fallback_ratio
cylinder_strip_centered,legacy_dominant_axis,8,0.9055125000000001,0.0329524053219197,1.417291576039405e-07,0.02662564947653668,0.026625649474,0.005636151450911049,0.005636151453809386,7.937253933193772,1.142688519009278,1.34052651828159,0.09167558986168649,633.5,0
cylinder_strip_centered,supplement5_v2_auto,8,1.367975,0.03914654338653944,1.417291576039276e-07,0.03749305753091981,0.03749305752911839,0.005535692963502655,0.005535692951874491,7.968688725254614,1.113632776812742,7.215526518281591,0.09156707234795121,604.125,0.875
cylinder_strip_centered,supplement5_v2_raw,8,0.6513625,0.05686469401983414,1.434884000421348e-07,0.0417307763042444,0.04173077631243994,0.006007401174538129,0.006007401616086584,21.31020882112609,0.9999999999999999,29.99701231765605,0.09027530813702289,32.75,0
